000836,国投瑞银钱多宝货币A,GTRYQDBHBA,2018-02-14,1.2670,4.5780,0.0859,0.3910,1.1734,2.3167,4.5248,7.4746,11.1213,0.5769,12.5502,2014-10-17,1,4.5780,4.6202,4.6631,4.7151,,0.00%,,货币型,
000837,国投瑞银钱多宝货币I,GTRYQDBHBI,2018-02-14,1.2670,4.5780,0.0858,0.3910,1.1733,2.3166,4.5247,7.4746,11.1212,0.5769,12.5502,2014-10-17,1,4.5780,4.5169,4.5580,4.6076,,0.00%,,货币型,
004060,博时兴盛货币,BSXSHB,2018-02-16,1.2092,4.51,0.0845,0.3753,1.1025,2.2493,4.4641,,,0.5446,5.2063,2016-12-21,1,4.51,4.3993,4.4141,4.4094,,0.00%,,货币型,
001666,鹏华添利宝货币,PHTLBHB,2018-02-14,1.2419,4.78,0.0896,0.3943,1.1666,2.2859,4.4512,7.6091,,0.5761,9.6223,2015-07-21,1,4.78,4.7840,4.7493,4.7314,,0.00%,,货币型,
003678,中融现金增利货币A,ZRXJZLHBA,2018-02-14,1.1642,4.3710,0.0821,0.3751,1.1169,2.1991,4.4243,,,0.5560,5.2852,2016-11-22,1,4.3710,4.3963,4.4966,4.5130,,0.00%,,货币型,
002960,博时合利货币,BSHLHB,2018-02-16,1.2175,4.4570,0.0820,0.3750,1.1206,2.2377,4.4079,,,0.5536,5.8910,2016-08-03,1,4.4570,4.2760,4.3783,4.4198,,0.00%,,货币型,
000662,银华活钱宝货币F,YHHQBHBF,2018-02-14,1.2273,4.7410,0.0889,0.3988,1.1687,2.2501,4.3437,7.3713,11.51,0.5787,12.2689,2014-06-23,1,4.7410,4.7273,4.7960,4.8067,,0.00%,,货币型,
340005,兴全货币A,XQHBA,2018-02-14,1.1972,4.6490,0.0892,0.3927,1.1344,2.2259,4.3341,7.4664,11.7121,0.5701,44.9882,2006-04-27,1,4.6490,4.6568,4.6045,4.5758,0.00%,0.00%,,货币型,21.8391
000860,银华惠增利货币,YHHZLHB,2018-02-14,1.2068,4.6110,0.0865,0.3945,1.1523,2.2395,4.3281,7.3396,9.7207,0.5682,11.0802,2014-11-14,1,4.6110,4.5945,4.7705,4.7091,,0.00%,,货币型,
003473,南方天天利货币A,NFTTLHBA,2018-02-16,1.2158,4.5220,0.0847,0.3764,1.1064,2.1872,4.3079,,,0.55,5.2392,2016-10-20,1,4.5220,4.5408,4.5297,4.5242,,0.00%,,货币型,
002912,兴业稳天盈货币A,XYWTYHBA,2018-02-14,1.1643,4.3790,0.0823,0.3705,1.1043,2.1357,4.2907,,,0.5485,6.0921,2016-07-15,1,4.3790,4.4170,4.4437,4.4516,,0.00%,,货币型,
003752,工银如意货币A,GYRYHBA,2018-02-14,1.2208,4.4050,0.0827,0.3668,1.0976,2.1609,4.2893,,,0.5379,4.8648,2016-12-23,1,4.4050,4.3141,4.3148,4.3018,,0.00%,,货币型,
003402,安信活期宝货币A,AXHQBHBA,2018-02-14,1.0815,4.2220,0.0794,0.3572,1.1094,2.1842,4.2890,,,0.5282,4.9253,2016-10-17,1,4.2220,4.2988,4.2856,4.3076,,0.00%,,货币型,
001826,国寿安保增金宝货币,GSABZJBHB,2018-02-14,1.1076,4.2590,0.08,0.3706,1.0906,2.1416,4.2817,7.3468,,0.5436,8.0604,2015-09-23,1,4.2590,4.3412,4.4526,4.4250,,0.00%,,货币型,
000917,嘉实快线货币A,JSKXHBA,2018-02-16,1.1180,4.3990,0.0846,0.3795,1.1513,2.2374,4.2733,7.14,,0.5624,8.7980,2015-06-25,1,4.3990,4.3583,4.4211,4.4330,,0.00%,,货币型,
003022,建信现金添益货币A,JXXJTYHBA,2018-02-21,1.1814,4.4370,0.0842,0.3769,1.1164,2.1981,4.2728,,,0.5493,5.6858,2016-09-02,1,4.4370,4.4621,4.5041,4.5149,,0.00%,,货币型,
003246,华泰柏瑞天添宝货币A,HTBRTTBHBA,2018-02-14,1.1625,4.6630,0.0874,0.3812,1.0851,2.1601,4.2638,,,0.5597,5.4124,2016-09-22,1,4.6630,4.4872,4.6188,4.5430,,0.00%,,货币型,
001232,嘉合货币A,JHHBA,2018-02-14,1.1763,4.9130,0.0920,0.3824,1.0170,2.0966,4.2634,7.9954,,0.5350,10.5976,2015-05-06,1,4.9130,4.8544,4.57,4.4494,,0.00%,,货币型,
003391,建信天添益货币A,JXTTYHBA,2018-02-21,1.21,4.5160,0.0870,0.3696,1.0809,2.1633,4.2475,,,0.5304,5.3531,2016-10-18,1,4.5160,4.5776,4.4763,4.4763,,0.00%,,货币型,
003711,泰达宏利京元宝货币A,TDHLJYBHBA,2018-02-14,1.1451,4.3720,0.0821,0.3817,1.1255,2.1916,4.2448,,,0.5688,4.9540,2016-11-23,1,4.3720,4.4067,4.5565,4.6354,,0.00%,,货币型,
003465,平安大华金管家货币,PADHJGJHB,2018-02-15,0.9222,4.2450,0.0820,0.3660,1.0806,2.1350,4.2374,,,0.5352,4.9109,2016-12-07,1,4.2450,4.2680,4.3544,4.3621,,0.00%,,货币型,
000604,银华多利宝货币A,YHDLBHBA,2018-02-14,1.0636,4.2720,0.0803,0.3709,1.0981,2.1492,4.2204,7.1624,10.8403,0.5457,14.1578,2014-04-25,1,4.2720,4.3646,4.4250,4.4393,0.00%,0.00%,,货币型,
003206,博时合鑫货币,BSHXHB,2018-02-16,1.1576,4.24,0.0783,0.3494,1.1099,2.1412,4.2126,,,0.5308,5.3680,2016-10-12,1,4.24,4.1004,4.0922,4.1260,,0.00%,,货币型,
002195,中银机构现金管理货币,ZYJGXJGLHB,2018-02-16,1.1310,4.23,0.0799,0.3595,1.1526,2.2096,4.2112,7.0541,,0.5475,7.6380,2015-12-11,1,4.23,4.3141,4.3384,4.2921,,0.00%,,货币型,
000533,永赢货币,YYHB,2018-02-14,1.1146,4.08,0.0782,0.3495,1.0755,2.1508,4.2091,6.9695,10.9491,0.5114,15.1562,2014-02-27,1,4.08,4.0441,4.0789,4.0890,,0.00%,,货币型,
004216,兴业安润货币A,XYARHBA,2018-02-14,1.1707,4.3610,0.0819,0.3647,1.0787,2.1389,4.2007,,,0.5314,4.5640,2017-01-06,1,4.3610,4.3675,4.3751,4.3833,,0.00%,,货币型,
000600,汇添富和聚宝货币,HTFHJBHB,2018-02-21,1.1683,4.3580,0.0888,0.3753,1.0947,2.1478,4.1980,7.4478,11.9209,0.5438,15.3868,2014-05-28,1,4.3580,4.5480,4.4859,4.4847,,0.00%,,货币型,
000903,新华活期添利货币A,XHHQTLHBA,2018-02-14,1.1404,4.4370,0.0833,0.3719,1.0935,2.1502,4.1980,6.9751,10.2989,0.54,11.0318,2014-12-04,1,4.4370,4.4713,4.4737,4.4664,,0.00%,,货币型,
000588,招商招钱宝货币A,ZSZQBHBA,2018-02-15,1.1553,4.34,0.0816,0.3620,1.0873,2.1404,4.1842,7.1394,11.0321,0.5273,15.6510,2014-03-25,1,4.34,4.3542,4.3467,4.3420,,0.00%,,货币型,
000560,诺安天天宝E,NATTBE,2018-02-14,1.1815,4.4060,0.0827,0.3776,1.1130,2.1705,4.1761,6.6796,10.2108,0.5469,13.9336,2014-03-25,1,4.4060,4.4864,4.5482,4.5181,0.00%,0.00%,,货币型,
000638,富国富钱包货币,FGFQBHB,2018-02-16,1.2177,4.58,0.0866,0.3871,1.1113,2.1812,4.1667,7.1675,11.2760,0.5619,15.4786,2014-05-07,1,4.58,4.5661,4.6302,4.6309,,0.00%,,货币型,
210012,金鹰货币A,JYHBA,2018-02-14,1.1616,4.3070,0.0810,0.3597,1.0978,2.1427,4.1651,6.8992,10.5516,0.5609,21.1370,2012-12-07,1,4.3070,4.1869,4.2088,4.2555,0.00%,0.00%,,货币型,20.5852
000678,华宝现金宝货币E,HBXJBHBE,2018-02-14,1.1855,4.5420,0.0853,0.3794,1.0939,2.1385,4.1546,7.0862,10.6539,0.5758,13.6204,2014-07-14,1,4.5420,4.4849,4.4579,4.4616,,0.00%,,货币型,
000615,长城工资宝货币A,CCGZBHBA,2018-02-14,1.1470,4.3470,0.0817,0.3647,1.1237,2.1384,4.1519,6.1546,9.7411,0.5352,12.9257,2014-06-25,1,4.3470,4.3819,4.3549,4.3732,,0.00%,,货币型,
000509,广发钱袋子货币A,GFQDZHBA,2018-02-16,1.1807,4.36,0.0812,0.3638,1.0672,2.0799,4.1495,7.1382,11.2003,0.5288,17.1977,2014-01-10,1,4.36,4.3580,4.3579,4.3684,,0.00%,,货币型,
001697,大成恒丰宝货币A,DCHFBHBA,2018-02-14,1.1530,4.3370,0.0815,0.3642,1.0708,2.1333,4.1486,6.9449,,0.5315,8.0195,2015-08-04,1,4.3370,4.3042,4.3668,4.3856,,0.00%,,货币型,
001987,东方金元宝货币,DFJYBHB,2018-02-14,1.1758,4.3430,0.0816,0.3558,1.0979,2.1338,4.1482,7.1547,,0.5522,7.8710,2015-11-23,1,4.3430,4.2876,4.2768,4.2427,,0.00%,,货币型,
002852,招商财富宝交易型货币A,ZSCFBJYXHBA,2018-02-14,1.1160,4.2990,0.0807,0.3556,1.0647,2.1018,4.1459,,,0.5213,5.9018,2016-06-30,1,4.2990,4.2305,4.1765,4.1969,,0.00%,,货币型,
000647,易方达财富快线货币A,YFDCFKXHBA,2018-02-14,1.1494,4.4020,0.0826,0.3689,1.0710,2.0833,4.1373,7.2880,11.2040,0.5353,14.3125,2014-06-17,1,4.4020,4.3247,4.3377,4.3389,,0.00%,,货币型,
003478,民生加银腾元宝货币A,MSJYTYBHBA,2018-02-14,1.1197,4.0380,0.0759,0.3417,0.9926,2.0492,4.1325,,,0.5235,4.8918,2016-12-02,1,4.0380,4.0755,4.0915,4.0744,,0.00%,,货币型,
000704,易方达天天增利货币A,YFDTTZLHBA,2018-02-14,1.1788,4.3930,0.0824,0.3770,1.0793,2.1227,4.1313,7.0311,11.0089,0.5459,13.9956,2014-06-25,1,4.3930,4.3641,4.4319,4.4345,,0.00%,,货币型,
002883,华润元大现金通货币A,HRYDXJTHBA,2018-02-14,1.1989,4.6040,0.0863,0.3981,1.1610,2.2132,4.1310,,,0.5856,5.3912,2016-07-27,1,4.6040,4.6829,4.7972,4.7849,,0.00%,,货币型,
000709,华安汇财通货币,HAHCTHB,2018-02-15,1.1304,4.3230,0.0817,0.3663,1.0815,2.1165,4.1286,6.9206,10.8195,0.5299,13.4777,2014-07-17,1,4.3230,4.3959,4.4145,4.3710,,0.00%,,货币型,
000726,大成添利宝货币E,DCTLBHBE,2018-02-14,1.1452,4.4480,0.0835,0.3719,1.0802,2.1071,4.1161,7.0522,10.7430,0.5454,13.3786,2014-07-28,1,4.4480,4.4007,4.4634,4.4731,,0.00%,,货币型,
000789,易方达龙宝货币A,YFDLBHBA,2018-02-14,1.1288,4.2120,0.0791,0.3519,1.0460,2.0645,4.1133,7.0736,10.9281,0.5172,12.7250,2014-09-12,1,4.2120,4.1299,4.1219,4.1468,,0.00%,,货币型,
000475,广发天天利货币A,GFTTLHBA,2018-02-14,1.1965,4.4130,0.0829,0.3741,1.1123,2.11,4.0997,6.8624,10.4809,0.5769,15.1198,2014-01-27,1,4.4130,4.4830,4.4934,4.5145,0.00%,0.00%,,货币型,
000882,中金现金管家A,ZJXJGJA,2018-02-14,1.1456,4.8060,0.09,0.3874,1.1095,2.1477,4.0984,6.6519,9.6843,0.5837,10.6888,2014-11-28,1,4.8060,4.6044,4.6263,4.6488,,0.00%,,货币型,
002247,新疆前海联合海盈货币A,XJQHLHHYHBA,2018-02-15,1.1299,4.2470,0.08,0.3611,1.0983,2.1653,4.0974,6.5932,,0.5434,6.9544,2015-12-24,1,4.2380,4.2552,4.3152,4.3438,,0.00%,,货币型,
002788,融通现金宝货币A,RTXJBHBA,2018-02-14,0.8494,3.5060,0.0662,0.3627,1.0824,2.1134,4.0947,,,0.5424,4.8091,2016-11-10,1,3.5060,4.2499,4.2199,4.2922,,0.00%,,货币型,
002759,东兴安盈宝A,DXAYBA,2018-02-14,1.0759,3.9550,0.0759,0.3402,1.0116,2.0183,4.0906,,,0.4946,6.0844,2016-06-03,1,3.9550,3.9278,3.9771,3.9878,,0.00%,,货币型,
000009,易方达天天理财货币A,YFDTTLCHBA,2018-02-16,1.1113,4.1970,0.0795,0.3551,1.0471,2.0630,4.0838,6.8947,10.8162,0.5178,21.0469,2013-03-04,1,4.1970,4.1429,4.1682,4.1612,0.00%,0.00%,,货币型,
675061,西部利得天添富货币A,XBLDTTFHBA,2018-02-14,1.1278,4.3050,0.0809,0.3507,1.0729,2.0896,4.0814,,,0.5194,5.3070,2016-09-28,1,4.3050,4.2420,4.2223,4.1985,,0.00%,,货币型,
620010,金元顺安金元宝货币A,JYSAJYBHBA,2018-02-19,1.1347,4.1560,0.0814,0.3663,1.0275,2.0408,4.0779,6.9735,11.2030,0.5129,13.8088,2014-08-01,1,4.1560,4.2264,4.2469,4.2708,,0.00%,,货币型,
000464,嘉实活期宝货币,JSHQBHB,2018-02-16,1.1281,4.2260,0.0796,0.3602,1.0720,2.0940,4.0705,7.0239,11.3292,0.5286,18.2267,2013-12-18,1,4.2260,4.1678,4.2278,4.2233,,0.00%,,货币型,
001401,德邦如意货币,DBRYHB,2018-02-14,1.1123,4.4890,0.0843,0.3569,1.0727,2.1097,4.0678,6.5122,,0.5144,6.5803,2016-02-03,1,4.4890,4.3029,4.3024,4.2636,,0.00%,,货币型,
001477,泰康薪意保货币A,TKXYBHBA,2018-02-16,1.1153,4.2180,0.0793,0.3632,1.0620,2.0711,4.0677,6.7411,,0.5359,8.7654,2015-06-19,1,4.2180,4.4267,4.3656,4.3337,,0.00%,,货币型,
000730,博时现金宝货币A,BSXJBHBA,2018-02-16,1.1678,4.3930,0.0830,0.3736,1.0823,2.1281,4.0674,6.9066,10.7367,0.5404,12.6482,2014-09-18,1,4.3930,4.4702,4.4538,4.4771,,0.00%,,货币型,
519509,浦银货币A,PYHBA,2018-02-14,1.1690,4.3470,0.0816,0.3655,1.0892,2.0913,4.0544,6.8141,10.2114,0.5377,29.0973,2011-03-09,1,4.3470,4.3710,4.3908,4.3822,0.00%,0.00%,,货币型,20.5981
730003,方正富邦货币A,FZFBHBA,2018-02-14,1.1555,4.3870,0.0823,0.3673,1.0878,2.0668,4.0538,7.3147,11.4697,0.5264,21.2943,2012-12-26,1,4.3870,4.3662,4.4435,4.3833,,0.00%,,货币型,20.9135
003479,财通资管鑫管家货币A,CTZGXGJHBA,2018-02-14,1.0843,4.0940,0.0770,0.3523,1.0425,2.0352,4.0531,,,0.5096,5.0587,2016-10-25,1,4.0940,4.2591,4.2580,4.2595,,0.00%,,货币型,
002748,中欧货币D,ZOHBD,2018-02-14,1.1474,4.1640,0.0783,0.3451,1.0580,2.0891,4.0449,,,0.5086,6.2286,2016-05-04,1,4.1640,4.1438,4.0720,4.0321,,0.00%,,货币型,
002324,南方日添益A,NFRTYA,2018-02-16,1.1317,4.2250,0.0798,0.3513,1.0125,2.0015,4.0423,6.8530,,0.5013,6.9244,2016-02-03,1,4.2250,4.2865,4.2523,4.2020,,0.00%,,货币型,
161622,融通汇财宝货币A,RTHCBHBA,2018-02-14,1.1452,4.2530,0.0799,0.3545,1.0310,2.0523,4.0419,6.4685,7.3858,0.5155,15.8131,2013-03-14,1,4.2530,4.1467,4.1672,4.1644,0.00%,0.00%,,货币型,
213009,宝盈货币A,BYHBA,2018-02-14,1.1272,4.1980,0.0789,0.3524,1.0812,2.0691,4.0356,6.7993,10.4702,0.5201,33.0418,2009-08-05,1,4.1980,4.1830,4.1612,4.1326,0.00%,0.00%,,货币型,21.1960
004097,农银汇理日日鑫交易型货币A,NYHLRRXJYXHBA,2018-02-14,1.1994,4.4910,0.0843,0.3782,1.0985,2.1145,4.0340,,,0.5418,4.5052,2016-12-27,1,4.4910,4.4980,4.5449,4.5519,,0.00%,,货币型,
040038,华安日日鑫货币A,HARRXHBA,2018-02-14,1.1320,4.2030,0.0790,0.3580,1.0533,2.0423,4.0310,6.7445,10.4668,0.5259,21.2725,2012-11-26,1,4.2030,4.1052,4.2037,4.2084,0.00%,0.00%,,货币型,20.3902
003874,浙商日添金货币A,ZSRTJHBA,2018-02-14,1.0789,3.9250,0.0738,0.3344,1.0512,2.0379,4.0262,,,0.5033,4.3549,2016-12-01,1,3.9250,3.9765,4.0040,4.0169,,0.00%,,货币型,
000871,北信瑞丰宜投宝A,BXRFYTBA,2018-02-14,1.2404,4.2020,0.0790,0.3236,1.0353,2.0574,4.02,6.4130,8.6922,0.5451,9.6778,2014-11-20,1,4.2020,3.8987,3.7727,4.0401,,0.00%,,货币型,
003588,东吴增鑫宝货币A,DWZXBHBA,2018-02-14,1.0843,3.9540,0.0744,0.3367,1.0105,2.0092,4.0156,,,0.4986,4.8341,2016-11-07,1,3.9540,3.9909,4.0545,4.0145,,0.00%,,货币型,
000569,鹏华增值宝货币,PHZZHB,2018-02-14,1.1461,4.2790,0.0804,0.3493,1.0472,2.0537,4.0153,6.8495,10.9037,0.5302,15.9121,2014-02-26,1,4.2790,4.2933,4.2334,4.1548,,0.00%,,货币型,
000724,大成添利宝货币A,DCTLBHBA,2018-02-14,1.1155,4.3420,0.0815,0.3631,1.0547,2.0556,4.0120,6.8315,10.4029,0.5322,12.9676,2014-07-28,1,4.3420,4.2954,4.3548,4.3645,,0.00%,,货币型,
003585,先锋现金宝货币,XFXJBHB,2018-02-14,1.0765,3.9760,0.0748,0.3370,1.0422,2.0576,3.9924,,,0.4851,4.8772,2016-11-22,1,3.9760,4.1323,4.0588,3.9910,,0.00%,,货币型,
000559,诺安天天宝A,NATTBA,2018-02-14,1.0906,4.11,0.0772,0.3504,1.0374,2.0559,3.9815,6.3195,9.6740,0.5051,13.2356,2014-03-25,1,4.11,4.1756,4.2167,4.1840,0.00%,0.00%,,货币型,
482002,工银货币,GYHB,2018-02-14,1.1408,4.3090,0.0810,0.3583,1.0471,2.0552,3.9694,6.8115,10.7409,0.5213,47.6036,2006-03-20,1,4.3090,4.2182,4.2169,4.2025,0.00%,0.00%,,货币型,21.3221
003228,浦银日日鑫货币A,PYRRXHBA,2018-02-14,1.1528,4.4960,0.0844,0.3638,1.1055,2.1160,3.9682,,,0.5377,4.6044,2016-11-30,1,4.4960,4.4183,4.3894,4.3398,,0.00%,,货币型,
400005,东方金账簿货币A,DFJZBHBA,2018-02-14,1.1312,4.1530,0.0797,0.3492,1.0538,2.0455,3.9653,6.7879,10.4656,0.5185,46.2022,2006-08-02,1,4.1530,4.1254,4.1192,4.0832,0.00%,0.00%,,货币型,20.7811
001842,九泰日添金货币A,JTRTJHBA,2018-02-14,1.0016,4.0180,0.0756,0.3459,1.0306,2.0327,3.9640,7.2215,,0.5026,7.6909,2015-12-08,1,4.0180,4.1330,4.1814,4.1189,,0.00%,,货币型,
000901,国开货币A,GKHBA,2018-02-14,1.0339,4.1140,0.0773,0.3548,1.0266,2.0261,3.9615,7.0898,10.95,0.5384,11.1453,2015-01-14,1,4.1140,4.4978,4.1983,4.1463,,0.00%,,货币型,
002240,德邦增利货币A,DBZLHBA,2018-02-14,1.1023,4.0170,0.0771,0.3477,1.0408,2.0596,3.9596,6.7639,,0.5118,7.0222,2015-12-23,1,4.0170,4.0086,4.0736,4.0969,,0.00%,,货币型,
000816,南方理财金交易型货币A,NFLCJJYXHBA,2018-02-16,1.1181,4.5430,0.0853,0.3515,1.0388,2.0405,3.9551,6.6506,10.1323,0.5135,10.9051,2014-12-05,1,4.5430,4.3582,4.2482,4.2080,,0.00%,,货币型,
000681,信达澳银慧管家A,XDAYHGJA,2018-02-16,0.9712,3.60,0.0702,0.3155,0.9954,1.9913,3.9480,6.9998,11.3974,0.4643,13.80,2014-06-26,1,3.60,3.6851,3.7485,3.7598,,0.00%,,货币型,
003171,信达澳银慧理财货币,XDAYHLCHB,2018-02-16,1.0829,3.9770,0.0741,0.3207,1.0227,1.9145,3.9461,,,0.47,4.6189,2016-09-18,1,3.9770,3.8166,3.8881,3.8578,,0.00%,,货币型,
710501,富安达现金通货币A,FADXJTHBA,2018-02-14,1.0815,3.9660,0.0745,0.3235,1.0721,2.0521,3.9445,6.7734,10.2678,0.4876,19.2237,2013-01-29,1,3.9660,3.8044,3.7866,3.8315,0.00%,0.00%,,货币型,19.2033
000379,平安大华日增利货币,PADHRZLHB,2018-02-15,1.1092,4.1460,0.0780,0.3478,1.0309,2.0333,3.9395,6.5938,10.4693,0.5087,16.9401,2013-12-03,1,4.1460,4.0675,4.0863,4.0867,,0.00%,,货币型,
004077,金信民发货币A,JXMFHBA,2018-02-15,1.1561,4.2570,0.0828,0.3690,1.1322,2.1102,3.9388,,,0.5462,4.4274,2016-12-16,1,4.2570,4.2901,4.4534,4.4113,,0.00%,,货币型,
288101,华夏货币A,HXHBA,2018-02-14,1.0347,3.9740,0.0748,0.3472,1.0343,1.9947,3.9354,6.5727,10.0796,0.5320,53.0229,2005-04-20,1,3.9740,4.1247,4.1066,4.0558,0.00%,0.00%,,货币型,20.5276
000912,英大现金宝货币,YDXJBHB,2018-02-14,0.9565,3.8870,0.0732,0.3119,1.0094,2.0130,3.9251,6.9788,10.5349,0.5040,11.3075,2014-12-10,1,3.8870,3.6934,3.7360,3.7399,,0.00%,,货币型,
080011,长盛货币A,CSHBA,2018-02-14,1.1084,4.4580,0.0837,0.3712,1.1063,2.1136,3.9232,6.7385,10.9147,0.5481,47.4919,2005-12-12,1,4.4580,4.3496,4.3626,4.3652,,0.00%,,货币型,21.07
000331,中加货币A,ZJHBA,2018-02-14,1.1834,4.44,0.0851,0.3830,1.0820,2.0581,3.9221,6.8593,10.8853,0.5662,18.6126,2013-10-21,1,4.44,4.6107,4.5350,4.4915,0.00%,0.00%,,货币型,
003252,大成添益交易型货币A,DCTYJYXHBA,2018-02-14,1.1938,4.4510,0.0835,0.3682,1.0683,2.0097,3.9198,,,0.5465,5.0084,2016-09-29,1,4.4510,4.4575,4.4241,4.4216,,0.00%,,货币型,
000785,华融现金增利货币A,HRXJZLHBA,2018-02-14,2.9605,6.3530,0.1182,0.3922,1.0861,2.0588,3.9191,6.5225,9.6121,0.5840,11.2707,2014-09-16,1,6.3530,5.3738,4.7562,4.5864,,0.00%,,货币型,
217004,招商现金增值货币A,ZSXJZZHBA,2018-02-14,1.0724,3.9640,0.0746,0.3366,0.9980,1.9959,3.9165,6.6228,10.2226,0.49,52.2791,2004-01-14,1,3.9640,3.9227,3.9566,3.9539,0.00%,0.00%,,货币型,20.1927
001624,兴业添天盈货币A,XYTTYHBA,2018-02-14,1.0646,3.9380,0.0741,0.3380,1.0113,2.0159,3.9150,6.8149,,0.4975,7.7535,2015-07-23,1,3.9380,4.0006,4.0466,4.0792,,0.00%,,货币型,
000434,新华壹诺宝货币A,XHYNBHBA,2018-02-14,1.1177,4.1820,0.0786,0.3515,1.0175,2.0003,3.9113,6.5869,9.8973,0.5115,15.4784,2013-12-03,1,4.1820,4.1841,4.2216,4.2122,0.00%,0.00%,,货币型,
000699,中银薪钱包货币,ZYXQBHB,2018-02-16,1.1649,4.4110,0.0833,0.3682,1.1065,2.1545,3.9112,6.6783,10.5314,0.5360,13.5469,2014-06-26,1,4.4110,4.3966,4.3970,4.4211,,0.00%,,货币型,
002672,诺德货币A,NDHBA,2018-02-14,1.0489,4.0840,0.0769,0.3492,1.0561,2.0772,3.9111,,,0.5208,5.7207,2016-05-05,1,4.0840,4.0853,4.1756,4.1919,,0.00%,,货币型,
000847,中融货币A,ZRHBA,2018-02-14,0.9820,3.9560,0.0744,0.3277,1.0289,1.9869,3.9102,6.7105,11.0620,0.4854,12.4061,2014-10-21,1,3.9560,3.8759,3.9155,3.9320,,0.00%,,货币型,
003515,国泰利是宝货币,GTLSBHB,2018-02-14,1.1771,4.4090,0.0828,0.3704,1.0840,2.0830,3.9095,,,0.5373,4.3566,2016-12-22,1,4.4090,4.4279,4.4499,4.4457,,0.00%,,货币型,
240006,华宝现金宝货币A,HBXJBHBA,2018-02-14,1.1264,4.30,0.0808,0.3590,1.0320,2.0143,3.9043,6.5725,9.8582,0.5445,46.7271,2005-03-31,1,4.30,4.2489,4.2195,4.2226,0.00%,0.00%,,货币型,19.6350
090022,大成现金增利货币A,DCXJZLHBA,2018-02-14,1.1573,4.5040,0.0846,0.3795,1.0461,2.0001,3.9027,6.6584,10.4138,0.5405,21.1845,2012-11-20,1,4.5040,4.4691,4.4622,4.4642,0.00%,0.00%,,货币型,20.2812
001973,光大耀钱包货币A,GDYQBHBA,2018-02-14,1.1123,4.1930,0.0788,0.3586,1.0288,2.0170,3.8995,6.6184,,0.5093,7.3383,2015-11-04,1,4.1930,4.3191,4.3314,4.2686,,0.00%,,货币型,
320002,诺安货币A,NAHBA,2018-02-14,1.1967,4.1670,0.0799,0.3242,1.0078,1.9969,3.8958,6.4595,9.7677,0.5126,47.2128,2004-12-06,1,4.1670,3.8556,3.8004,3.8159,0.00%,0.00%,,货币型,18.9056
002894,华夏天利货币A,HXTLHBA,2018-02-14,0.9599,3.9140,0.0737,0.3788,1.0743,1.9852,3.8944,,,0.5820,4.7930,2016-10-13,1,3.9140,4.7561,4.5688,4.5052,,0.00%,,货币型,
004072,金元顺安金通宝货币A,JYSAJTBHBA,2018-02-19,1.0533,3.9170,0.0743,0.3268,1.0576,1.9447,3.8909,,,0.4897,4.0696,2017-01-20,1,3.9170,3.9366,3.9483,3.9212,,0.00%,,货币型,
001870,前海开源货币A,QHKYHBA,2018-02-14,0.9897,4.0660,0.0764,0.3374,1.0024,1.9939,3.89,6.5008,,0.4775,7.1357,2015-09-29,1,4.0660,3.9524,4.0628,3.9619,,0.00%,,货币型,
004210,前海开源货币E,QHKYHBE,2018-02-14,1.0009,4.0760,0.0767,0.3377,1.0026,1.9935,3.8899,,,0.4778,4.1856,2017-01-13,1,4.0760,3.9574,4.0672,3.9633,,0.00%,,货币型,
001077,华夏现金宝货币A,HXXJBHBA,2018-02-14,1.1443,4.4680,0.0839,0.3743,1.0864,2.0413,3.8892,5.94,8.9836,0.5622,19.2375,2013-01-22,1,4.4680,4.3016,4.4254,4.3548,0.00%,0.00%,,货币型,
001916,新沃通宝A,XWTBA,2018-02-16,1.1184,4.2160,0.0792,0.3577,1.0541,2.0313,3.8838,6.4777,,0.5230,7.1965,2015-10-20,1,4.2160,4.2452,4.2873,4.2776,,0.00%,,货币型,
001937,兴银现金增利货币,XYXJZLHB,2018-02-14,1.1501,4.5090,0.0847,0.3750,1.0828,2.1488,3.8825,6.5115,,0.5431,7.1842,2015-11-02,1,4.5090,4.5273,4.5129,4.4776,,0.00%,,货币型,
519999,长信利息收益货币A,CXLXSYHBA,2018-02-14,1.0934,3.8540,0.0725,0.3148,1.0383,2.0032,3.8773,6.6514,10.3825,0.5080,53.7184,2004-03-19,1,3.8540,3.8481,3.7794,3.7623,,0.00%,,货币型,18.8309
000626,大成丰财宝货币A,DCFCBHBA,2018-02-14,1.0763,3.8870,0.0732,0.3344,1.0578,2.0585,3.8773,6.6849,10.4813,0.5043,13.3153,2014-06-18,1,3.8870,3.9805,4.0004,4.0111,,0.00%,,货币型,
003467,富荣货币A,FRHBA,2018-02-14,1.0876,4.2160,0.0793,0.3576,1.0888,2.0664,3.8755,,,0.5554,4.3026,2016-12-26,1,4.2160,4.1852,4.2227,4.1859,,0.00%,,货币型,
000981,北信瑞丰现金添利A,BXRFXJTLA,2018-02-14,1.0056,4.2160,0.0793,0.3345,0.9686,1.9876,3.8722,6.0414,8.5334,0.4841,8.8179,2015-01-20,1,4.2160,4.2301,4.0379,3.9644,,0.00%,,货币型,
519505,海富通货币A,HFTHBA,2018-02-14,1.1275,4.0770,0.0783,0.3474,1.0015,1.9812,3.8613,6.4840,10.2863,0.5099,51.8061,2005-01-04,1,4.0770,4.0998,4.0882,4.0570,0.00%,0.00%,,货币型,19.9291
000701,景顺长城景丰货币A,JSCCJFHBA,2018-02-14,1.1041,4.0690,0.0780,0.3358,1.0490,2.0613,3.8612,6.5115,10.0913,0.4976,11.8583,2014-09-16,1,4.0690,3.9622,3.9823,3.8975,,0.00%,,货币型,
040003,华安现金富利货币A,HAXJFLHBA,2018-02-14,1.0987,3.8190,0.0733,0.3204,0.9980,1.9651,3.8584,6.4022,9.7827,0.4875,52.6884,2003-12-30,1,3.8190,3.7402,3.7852,3.7733,0.00%,0.00%,,货币型,19.3499
002646,中科沃土货币A,ZKWTHBA,2018-02-16,0.9762,3.4990,0.0643,0.3053,1.0079,1.9609,3.8465,,,0.5042,5.5573,2016-06-06,1,3.4990,3.5245,3.6905,3.6886,,0.00%,,货币型,
162206,泰达宏利货币A,TDHLHBA,2018-02-14,1.1755,4.6420,0.0870,0.3619,1.0624,2.0243,3.8452,6.4202,10.3226,0.5335,45.0970,2005-11-10,1,4.6420,4.3261,4.4110,4.3329,0.00%,0.00%,,货币型,20.3971
410002,华富货币A,HFHBA,2018-02-14,1.0397,4.1720,0.08,0.3339,1.0597,2.0222,3.8438,6.4046,9.8917,0.4969,47.1945,2006-06-21,1,4.1720,3.9303,3.9247,3.9226,0.00%,0.00%,,货币型,20.0679
000576,中邮货币A,ZYHBA,2018-02-14,1.0841,3.9010,0.0748,0.3322,1.0226,1.9905,3.8417,6.4561,10.0911,0.5234,12.7581,2014-05-28,1,3.9010,3.8905,3.8954,3.9016,,0.00%,,货币型,
000773,万家现金宝A,WJXJBA,2018-02-14,1.0682,3.9250,0.0738,0.3221,1.0077,1.9707,3.8356,6.6092,9.4135,0.4882,10.7789,2014-09-23,1,3.9250,4.0002,3.8958,3.7981,,0.00%,,货币型,
020007,国泰货币,GTHB,2018-02-14,1.0365,4.0270,0.0773,0.3360,0.9880,1.9296,3.8351,6.6523,10.6038,0.4882,44.9410,2005-06-21,1,4.0270,3.9242,3.9722,3.9538,0.00%,0.00%,,货币型,19.8794
001006,中信建投凤凰货币A,ZXJTFHHBA,2018-02-15,0.8227,4.8310,0.0934,0.3324,1.0588,2.0071,3.8338,6.5689,,0.5059,9.0252,2015-03-31,1,4.8310,4.4153,4.0043,3.9133,,0.00%,,货币型,
202301,南方现金增利货币A,NFXJZLHBA,2018-02-16,1.1466,4.1810,0.0802,0.3605,1.0614,2.0486,3.8237,6.4832,10.2492,0.5229,56.8887,2004-03-05,1,4.1810,4.1946,4.2236,4.2309,0.00%,0.00%,,货币型,20.9594
001981,富国收益宝交易型货币A,FGSYBJYXHBA,2018-02-14,1.1503,4.3750,0.0822,0.3663,1.0419,2.0749,3.8214,6.2854,,0.5312,6.8165,2015-11-24,1,4.3750,4.4149,4.4144,4.3721,,0.00%,,货币型,
070008,嘉实货币A,JSHBA,2018-02-16,1.0780,4.0670,0.0773,0.3491,1.0590,1.9986,3.8206,6.4942,10.6194,0.5188,53.3478,2005-03-18,1,4.0670,4.0465,4.0778,4.0918,0.00%,0.00%,,货币型,21.0611
002318,鹏华添利交易型货币A,PHTLJYXHBA,2018-02-14,1.1147,4.0160,0.0755,0.3267,0.9992,1.9586,3.8192,6.3964,,0.5036,6.4040,2016-01-29,1,4.0160,4.0211,3.9551,3.8421,,0.00%,,货币型,
690010,民生加银现金增利货币A,MSJYXJZLHBA,2018-02-14,1.1512,4.34,0.0815,0.3428,1.0088,1.9705,3.8149,6.4947,10.1067,0.5001,20.3992,2012-12-18,1,4.34,4.1546,4.0503,3.9803,0.00%,0.00%,,货币型,19.8597
001386,天弘弘运宝货币A,THHYBHBA,2018-02-14,1.2450,4.6270,0.0867,0.3833,1.1561,2.2773,3.8091,6.3748,,0.5569,7.1130,2015-08-13,1,4.6270,4.6258,4.6134,4.5863,,0.00%,,货币型,
260102,景顺货币A,JSHBA,2018-02-14,1.0164,3.7370,0.0717,0.3202,1.0421,1.9861,3.8076,6.18,9.2747,0.5192,40.5293,2003-10-24,1,3.7370,3.7737,3.7844,3.7394,0.00%,0.00%,,货币型,18.0976
740601,长安货币A,CAHBA,2018-02-15,1.1492,4.3450,0.0834,0.3620,1.0290,1.9647,3.8028,6.5486,10.2162,0.5340,20.4240,2013-01-25,1,4.3450,4.2723,4.2507,4.2715,0.00%,0.00%,,货币型,20.3998
003316,中银证券现金管家货币A,ZYZQXJGJHBA,2018-02-16,1.0615,3.8990,0.0730,0.3388,1.0161,1.9459,3.8025,,,0.5023,4.4252,2016-12-07,1,3.8990,3.7615,4.1001,4.0305,,0.00%,,货币型,
000300,德邦德利货币A,DBDLHBA,2018-02-14,1.0224,3.73,0.0716,0.3317,1.0273,1.9629,3.7961,6.3129,9.9882,0.4951,16.9942,2013-09-16,1,3.73,3.6916,3.9119,3.8837,0.00%,0.00%,,货币型,
166014,中欧货币A,ZOHBA,2018-02-14,1.0817,3.9140,0.0737,0.3246,0.9969,1.9657,3.7956,6.3380,9.7763,0.4790,20.6468,2012-12-12,1,3.9140,3.9028,3.8318,3.7916,0.00%,0.00%,,货币型,20.0805
000483,鑫元货币A,XYHBA,2018-02-14,1.0794,4.0720,0.0766,0.33,0.9564,1.9047,3.7883,6.5037,10.1104,0.4815,16.0560,2013-12-30,1,4.0720,3.9346,3.8708,3.8848,0.00%,0.00%,,货币型,
000907,农银汇理红利日结货币A,NYHLHLRJHBA,2018-02-14,1.1450,4.3050,0.0809,0.3598,1.0341,1.9786,3.7876,6.5257,10.2489,0.5152,10.9989,2014-12-19,1,4.3050,4.3275,4.3231,4.3213,0.00%,0.00%,,货币型,
000210,光大保德信现金宝货币A,GDBDXXJBHBA,2018-02-14,1.0458,4.1030,0.0771,0.3361,0.9781,1.9111,3.7807,6.3748,9.9534,0.4886,16.5111,2013-09-05,1,4.1030,3.9625,3.9626,3.9206,0.00%,0.00%,,货币型,
270004,广发货币A,GFHBA,2018-02-14,1.1420,4.2430,0.0814,0.3666,1.0579,2.0470,3.7799,6.4434,10.1325,0.5410,48.9124,2005-05-20,1,4.2430,4.3060,4.3109,4.3037,0.00%,0.00%,,货币型,20.5685
200003,长城货币A,CCHBA,2018-02-14,1.1084,4.1950,0.0788,0.3545,1.0550,2.0241,3.7782,6.4540,10.4356,0.5149,48.6481,2005-05-30,1,4.1950,4.1886,4.1872,4.1496,0.00%,0.00%,,货币型,20.6404
003398,太平日日金货币A,TPRRJHBA,2018-02-14,1.0227,4.3060,0.0809,0.3332,1.0153,1.9562,3.7732,,,0.4953,4.5511,2016-11-04,1,4.3060,4.1292,3.9782,3.9954,,0.00%,,货币型,
003003,华夏现金增利货币A/E,HXXJZLHBAE,2018-02-16,1.2258,4.6180,0.0884,0.3961,1.0777,2.0553,3.7656,6.2851,10.0943,0.5765,56.6507,2004-04-07,1,4.6180,4.8304,4.7761,4.7419,0.00%,0.00%,,货币型,20.8047
420006,天弘现金管家货币A,THXJGJHBA,2018-02-14,1.0385,4.0890,0.0769,0.3267,0.9729,1.9305,3.7614,6.1887,9.2155,0.4660,20.8844,2012-06-20,1,4.0890,4.0209,3.8959,3.7522,0.00%,0.00%,,货币型,18.4564
002847,天弘现金管家货币E,THXJGJHBE,2018-02-14,1.0410,4.1380,0.0778,0.3275,0.9731,1.9299,3.7608,,,0.4657,5.2638,2016-07-14,1,4.1380,4.1277,3.9836,3.8312,,0.00%,,货币型,
002184,泓德泓利货币A,HDHLHBA,2018-02-14,1.1148,4.2320,0.0795,0.3497,1.0320,2.0183,3.7603,6.2967,,0.5166,6.6913,2015-12-21,1,4.2320,4.1068,4.1097,4.1082,,0.00%,,货币型,
750006,安信现金管理货币A,AXXJGLHBA,2018-02-14,1.0702,4.1520,0.0781,0.3437,1.0634,2.0203,3.7602,6.4854,10.1632,0.5156,20.3338,2013-02-05,1,4.1520,4.0182,4.0345,4.0417,0.00%,0.00%,,货币型,
160606,鹏华货币A,PHHBA,2018-02-14,1.0751,3.8890,0.0746,0.3289,1.0003,1.9706,3.7571,6.3743,9.7018,0.4838,47.1986,2005-04-12,1,3.8890,3.8705,3.8686,3.8510,0.00%,0.00%,,货币型,19.2313
004133,中航航行宝货币,ZHHXBHB,2018-02-14,0.8412,4.0270,0.0757,0.2955,0.9792,2.0147,3.7557,,,0.4714,3.8104,2017-01-25,1,4.0270,3.8195,3.4308,3.5238,,0.00%,,货币型,
583001,东吴货币A,DWHBA,2018-02-14,1.1461,4.0050,0.0754,0.33,0.9813,1.8844,3.7538,6.4647,10.0047,0.5049,27.3017,2010-05-11,1,4.0050,3.7866,3.8793,3.8786,0.00%,0.00%,,货币型,17.9837
000380,景顺长城景益货币A,JSCCJYHBA,2018-02-14,0.9290,4.2260,0.0794,0.3340,1.0012,1.9596,3.75,6.3466,9.6238,0.4891,15.3410,2013-11-26,1,4.2260,4.5502,4.0546,3.9388,0.00%,0.00%,,货币型,
121011,国投瑞银货币A,GTRYHBA,2018-02-14,1.0109,4.1210,0.0775,0.3475,0.9882,1.9259,3.7485,6.3391,9.5737,0.5003,32.0680,2009-01-19,1,4.1210,4.0959,4.1330,4.0519,0.00%,0.00%,,货币型,19.0703
290001,泰信天天收益货币A,TXTTSYHBA,2018-02-14,1.0008,3.5620,0.0683,0.2986,1.0047,1.8957,3.7450,6.1526,9.7442,0.4799,50.6113,2004-02-10,1,3.5620,3.4648,3.5191,3.5316,0.00%,0.00%,,货币型,19.0474
550010,信诚货币A,XCHBA,2018-02-14,1.0207,4.5290,0.0850,0.3518,1.0072,1.9558,3.7349,6.2773,9.6702,0.5027,28.9464,2011-03-23,1,4.5290,4.3693,4.2724,4.1730,0.00%,0.00%,,货币型,19.6566
519511,万家日日薪货币A,WJRRXHBA,2018-02-14,1.1645,4.0560,0.0779,0.3322,0.9882,2.0029,3.7345,6.3658,9.9989,0.5171,18.1007,2013-01-15,1,4.0560,3.9215,3.9046,3.9102,0.00%,0.00%,,货币型,17.8539
519518,汇添富货币A,HTFHBA,2018-02-14,1.0727,4.1390,0.0778,0.3384,0.9882,1.9208,3.7298,6.2867,9.3328,0.4920,44.2317,2006-03-23,1,4.1390,4.0252,4.0054,4.0003,0.00%,0.00%,,货币型,18.8325
360003,光大货币,GDHB,2018-02-14,1.0311,3.8560,0.0726,0.3404,0.9656,1.9214,3.7255,6.4491,10.1062,0.4915,45.0393,2005-06-09,1,3.8560,3.8486,3.9407,3.9924,0.00%,0.00%,,货币型,19.2899
000721,兴业货币A,XYHBA,2018-02-14,1.0409,3.8740,0.0729,0.3227,0.9716,1.9293,3.7179,6.3283,9.7233,0.4706,11.8490,2014-08-06,1,3.8740,3.8773,3.8658,3.8456,,0.00%,,货币型,
310338,申万菱信收益宝货币A,SWLXSYBHBA,2018-02-14,1.0573,3.8820,0.0731,0.3181,1.0055,1.9927,3.7175,6.2134,9.5193,0.5094,38.0737,2006-07-07,1,3.8820,3.7889,3.7726,3.7132,0.00%,0.00%,,货币型,18.5775
001894,泰达宏利活期友货币A,TDHLHQYHBA,2018-02-14,0.6630,2.2870,0.0433,0.3250,1.0690,1.8594,3.7168,6.4362,,0.4698,7.1790,2015-11-04,1,2.2870,2.4951,3.9542,3.8282,,0.00%,,货币型,
392001,中海货币A,ZHHBA,2018-02-14,1.0047,4.5460,0.0852,0.3624,1.1292,2.1171,3.7130,6.2787,9.8233,0.5606,30.7017,2010-07-28,1,4.5460,3.8578,4.2507,4.2858,0.00%,0.00%,,货币型,19.8647
000505,国寿安保货币A,GSABHBA,2018-02-14,1.0222,3.7620,0.0709,0.3212,0.9479,1.9092,3.7080,6.2980,9.9372,0.4627,15.6273,2014-01-20,1,3.7620,3.7109,3.7823,3.7474,0.00%,0.00%,,货币型,
253050,国联安货币A,GLAHBA,2018-02-14,1.0911,4.2320,0.0795,0.3598,1.0271,2.0234,3.7067,6.3318,9.6576,0.5203,26.4001,2011-01-26,1,4.2320,4.1701,4.2426,4.2174,0.00%,0.00%,,货币型,18.2921
000203,国富日日收益货币A,GFRRSYHBA,2018-02-16,0.9990,3.8610,0.0769,0.3095,0.9584,1.9233,3.6999,6.1970,9.5996,0.4678,17.7449,2013-07-24,1,3.8610,3.7263,3.7150,3.7021,0.00%,0.00%,,货币型,
519508,万家货币A,WJHBA,2018-02-14,1.0413,3.9310,0.0754,0.3173,0.9992,1.9484,3.6970,6.2540,9.5632,0.4936,48.9647,2006-05-24,1,3.9310,3.7149,3.7327,3.7177,0.00%,0.00%,,货币型,19.5603
001991,农银天天利货币A,NYTTLHBA,2018-02-14,1.1277,4.3210,0.0811,0.3498,1.0526,2.0659,3.6969,6.4766,,0.5188,6.8272,2015-12-21,1,4.3210,4.2604,4.1378,4.0713,,0.00%,,货币型,
002077,浙商日添利A,ZSRTLA,2018-02-14,1.0521,3.8610,0.0727,0.3155,1.0056,1.9471,3.6862,6.4590,,0.4773,6.9927,2015-12-08,1,3.8610,3.8547,3.8104,3.7370,,0.00%,,货币型,
001909,创金合信货币,CJHXHB,2018-02-14,1.1506,4.6360,0.0870,0.3757,1.0836,1.9744,3.6822,6.5366,,0.5480,7.3897,2015-10-22,1,4.6360,4.4556,4.4338,4.3797,,0.00%,,货币型,
000424,长盛添利宝货币A,CSTLBHBA,2018-02-14,1.0107,4.0130,0.0755,0.3433,1.0107,1.9533,3.6795,6.1926,9.8288,0.5016,16.1089,2013-12-09,1,4.0130,3.8740,4.0140,4.0720,0.00%,0.00%,,货币型,
003534,浦银安盛日日丰货币A,PYASRRFHBA,2018-02-14,1.0544,3.9630,0.0746,0.3370,0.9973,1.8763,3.6772,,,0.4977,4.3343,2016-11-07,1,3.9630,4.0344,4.0695,4.0675,,0.00%,,货币型,
002957,财通财通宝货币A,CTCTBHBA,2018-02-14,0.9035,3.6870,0.0695,0.3170,1.0014,1.9459,3.6728,,,0.4843,4.9309,2016-07-27,1,3.6870,3.7146,3.8191,3.7840,,0.00%,,货币型,
660007,农银货币A,NYHBA,2018-02-14,1.1381,4.3130,0.0810,0.3609,1.0966,2.0683,3.6661,6.2424,9.9889,0.5658,30.9912,2010-11-23,1,4.3130,4.2351,4.2749,4.2049,0.00%,0.00%,,货币型,20.3603
000855,上投摩根天添盈货币A,STMGTTYHBA,2018-02-14,1.0746,3.83,0.0721,0.3185,0.9832,1.9005,3.6652,5.9415,8.5104,0.4951,9.3838,2014-11-25,1,3.83,3.8041,3.8257,3.7949,,0.00%,,货币型,
530002,建信货币,JXHB,2018-02-21,1.1307,4.2150,0.0808,0.3698,1.0651,2.0586,3.6650,6.2331,9.6966,0.5446,46.0091,2006-04-25,1,4.2150,4.1717,4.2827,4.3058,0.00%,0.00%,,货币型,19.5392
150005,银河银富货币A,YHYFHBA,2018-02-14,0.9809,3.6740,0.0692,0.3229,0.9417,1.8951,3.6645,6.1013,9.3407,0.4627,48.7449,2004-12-20,1,3.6740,3.7536,3.8320,3.7479,0.00%,0.00%,,货币型,19.3513
460006,华泰柏瑞货币A,HTBRHBA,2018-02-14,1.0828,3.9140,0.0751,0.3234,0.9266,1.8613,3.6527,6.2241,9.9061,0.4787,28.9153,2009-05-06,1,3.9140,3.7835,3.8160,3.7242,0.00%,0.00%,,货币型,20.1029
000644,招商招金宝货币A,ZSZJBHBA,2018-02-14,0.8939,3.6180,0.0681,0.3064,0.8992,1.8274,3.6516,6.4485,9.7202,0.4273,12.4010,2014-06-18,1,3.6180,3.5997,3.6695,3.5591,,0.00%,,货币型,
003363,长江乐享货币A,CJLXHBA,2018-02-14,1.0495,3.6970,0.0709,0.3221,0.9450,1.8704,3.65,,,0.4639,4.4587,2016-10-26,1,3.6970,3.7454,3.7886,3.7780,,0.00%,,货币型,
675071,西部利得天添金货币A,XBLDTTJHBA,2018-02-14,1.1021,4.1060,0.0771,0.3344,1.0244,1.8794,3.6429,,,0.4874,4.3315,2016-12-05,1,4.1060,3.9506,4.0039,4.0175,,0.00%,,货币型,
675031,西部利得天添鑫货币A,XBLDTTXHBA,2018-02-14,0.9845,3.6590,0.0689,0.3247,1.0302,2.0147,3.6402,,,0.4833,5.29,2016-06-23,1,3.6590,3.7545,3.9048,3.8753,,0.00%,,货币型,
100025,富国天时货币A,FGTSHBA,2018-02-14,1.0865,4.0960,0.0770,0.3487,1.0160,1.9930,3.6397,6.1523,10.0152,0.5031,42.5748,2006-06-05,1,4.0960,4.0519,4.1105,4.0779,0.00%,0.00%,,货币型,19.01
000683,信达澳银慧管家E,XDAYHGJE,2018-02-16,0.8890,3.2840,0.0642,0.2898,0.9185,1.8401,3.6352,6.3677,10.4360,0.4273,12.6142,2014-06-26,1,3.2840,3.3753,3.4381,3.4478,,0.00%,,货币型,
519566,浦银安盛日日盈货币A,PYASRRYHBA,2018-02-14,1.0419,4.0780,0.0767,0.3239,0.9820,1.8815,3.6259,6.1386,9.8504,0.4755,14.0765,2014-03-25,1,4.0780,3.8839,3.9079,3.8531,0.00%,0.00%,,货币型,
002709,红塔红土人人宝货币A,HTHTRRBHBA,2018-02-14,1.1297,4.2930,0.0806,0.3532,1.0155,1.9637,3.6229,,,0.5129,5.2013,2016-06-02,1,4.2930,4.2944,4.2444,4.2362,,0.00%,,货币型,
090005,大成货币A,DCHBA,2018-02-14,1.1422,4.1250,0.0776,0.3442,1.0457,1.9431,3.6153,6.2872,9.4203,0.5167,45.6908,2005-06-03,1,4.1250,4.0038,4.0348,4.0401,0.00%,0.00%,,货币型,18.5918
000324,华润元大现金收益货币A,HRYDXJSYHBA,2018-02-14,1.1273,4.1330,0.0794,0.3401,1.0039,1.9897,3.5949,6.2413,9.9714,0.4991,16.6445,2013-10-29,1,4.1330,4.1199,4.0197,3.9654,0.00%,0.00%,,货币型,
180008,银华货币A,YHHBA,2018-02-14,1.0723,3.94,0.0741,0.3226,0.9833,1.9196,3.5805,6.2044,9.9182,0.4604,45.7361,2005-01-31,1,3.94,3.9316,3.9111,3.8067,0.00%,0.00%,,货币型,19.4613
000741,兴银货币A,XYHBA,2018-02-14,1.0593,3.9190,0.0737,0.3168,0.9760,1.9280,3.5775,6.1543,9.8369,0.4683,11.5882,2014-08-27,1,3.9190,3.9257,3.8105,3.7770,,0.00%,,货币型,
000366,汇添富添富通货币A,HTFTFTHBA,2018-02-14,1.0157,3.6220,0.0683,0.2998,0.9202,1.8471,3.5660,6.1999,9.2237,0.4359,9.5021,2013-12-10,1,3.6220,3.4931,3.5118,3.5189,0.00%,0.00%,,货币型,
202307,南方收益宝货币A,NFSYBHBA,2018-02-16,1.0294,3.8640,0.0727,0.3417,0.9649,1.8942,3.5638,6.1579,9.7851,0.4959,20.2347,2013-01-22,1,3.8640,3.8446,4.2542,4.0202,0.00%,0.00%,,货币型,20.1255
050003,博时现金收益货币A,BSXJSYHBA,2018-02-16,1.1140,4.1390,0.0778,0.3459,1.0032,1.9190,3.5334,6.1211,9.6673,0.5019,55.1222,2004-01-16,1,4.1390,4.0705,4.0919,4.0536,0.00%,0.00%,,货币型,19.6161
163802,中银货币A,ZYHBA,2018-02-16,1.0460,4.0620,0.0787,0.3366,1.0131,1.9685,3.5265,6.0624,9.4288,0.5117,48.0533,2005-06-07,1,4.0620,4.0212,3.9445,3.9512,,0.00%,,货币型,19.0786
001175,山证日日添利货币A,SZRRTLHBA,2018-02-14,0.9956,3.5820,0.0675,0.2944,0.9141,1.8605,3.5047,6.0860,,0.4323,8.3554,2015-05-14,1,3.5820,3.4661,3.5069,3.5266,,0.00%,,货币型,
000439,国金鑫盈货币,GJXYHB,2018-02-14,0.7895,2.85,0.0540,0.2659,0.8702,1.7289,3.5039,6.4037,10.0112,0.4465,16.0636,2013-12-16,1,2.85,2.9986,3.1375,3.2013,0.00%,0.00%,,货币型,
519588,交银货币A,JYHBA,2018-02-14,1.1902,3.5010,0.0671,0.3151,0.9659,1.8928,3.5002,6.0478,9.2130,0.4582,42.0338,2006-01-20,1,3.5010,3.4028,3.7234,3.6715,0.00%,0.00%,,货币型,18.3304
110006,易方达货币A,YFDHBA,2018-02-14,0.61,2.7880,0.0527,0.2568,0.8780,1.7617,3.4968,6.0581,9.0738,0.3853,49.1185,2005-02-02,1,2.7880,2.8141,3.0025,3.0231,0.00%,0.00%,,货币型,19.3487
350004,天治天得利货币,TZTDLHB,2018-02-14,1.0473,4.1780,0.0785,0.3489,0.9981,1.8760,3.4811,5.8276,9.1712,0.5239,43.4624,2006-07-05,1,4.1780,4.0218,4.0887,4.1296,0.00%,0.00%,,货币型,18.5496
070028,嘉实安心货币市场A,JSAXHBSCA,2018-02-16,0.8527,3.3420,0.0793,0.2632,0.9560,1.8382,3.4808,5.7055,8.3605,0.4186,19.7887,2011-12-28,1,3.3420,3.4919,3.1856,3.0523,0.00%,0.00%,,货币型,16.3075
630012,华商现金增利货币A,HSXJZLHBA,2018-02-16,0.9359,3.2830,0.0608,0.3052,0.9197,1.7686,3.4246,5.9857,9.0795,0.4476,17.7826,2012-12-11,1,3.2830,3.7656,3.5492,3.5690,0.00%,0.00%,,货币型,17.1867
000542,上银慧财宝货币A,SYHCBHBA,2018-02-21,1.1194,4.1710,0.0790,0.3604,1.0111,1.8748,3.4133,5.9284,9.7784,0.5220,14.7095,2014-02-27,1,4.1710,4.1043,4.1912,4.2093,,0.00%,,货币型,
000738,中信建投货币A,ZXJTHBA,2018-02-15,0.9327,3.3110,0.0622,0.2812,0.9177,1.8396,3.3716,5.6311,8.9411,0.42,11.0206,2014-08-05,1,3.3110,3.3160,3.3684,3.3605,,0.00%,,货币型,
540011,汇丰晋信货币A,HFJXHBA,2018-02-14,0.9867,3.5370,0.0667,0.2838,0.8883,1.7958,3.3272,5.4471,7.9023,0.4273,18.6795,2011-11-02,1,3.5370,3.2923,3.3676,3.2987,0.00%,0.00%,,货币型,15.2805
161608,融通易支付货币A,RTYZFHBA,2018-02-14,0.9954,3.8650,0.0727,0.3083,0.9093,1.8029,3.2679,5.6763,9.0022,0.4631,45.1623,2006-01-19,1,3.8650,3.6264,3.6285,3.6008,0.00%,0.00%,,货币型,18.7990
020031,国泰现金管理货币A,GTXJGLHBA,2018-02-14,0.8897,2.9920,0.0574,0.2455,0.7662,1.5487,3.2058,5.6232,9.1739,0.3635,19.2415,2012-12-11,1,2.9920,2.8676,2.8451,2.8916,0.00%,0.00%,,货币型,18.6225
519513,万家日日薪货币R,WJRRXHBR,2018-02-14,0,0,0,0,0,0,0,0,0,0,4.4560,2013-01-15,1,0,0,0,0,0.00%,0.00%,,货币型,
150988,银河钱包货币A,YHQBHBA,2018-02-14,1.1337,4.1230,0.0775,0.3460,1.0560,2.1024,,,,0.4968,2.5236,2017-06-29,1,4.1230,4.0432,4.1449,4.1341,,0.00%,,货币型,
004368,前海开源聚财宝A,QHKYJCBA,2018-02-14,1.2007,4.7010,0.0882,0.3906,1.1255,2.1056,,,,0.5862,3.9802,2017-02-17,1,4.7010,4.6270,4.7015,4.6872,,0.00%,,货币型,
004282,博时兴荣货币,BSXRHB,2018-02-16,1.2865,4.9760,0.0931,0.4085,1.1987,2.3313,,,,0.6047,4.4303,2017-02-24,1,4.9760,4.7672,4.7744,4.8007,,0.00%,,货币型,
004330,太平日日鑫货币A,TPRRXHBA,2018-02-14,1.0062,4.2360,0.0796,0.3399,1.0441,2.0372,,,,0.5142,3.6133,2017-03-15,1,4.2360,4.0995,4.0810,4.0653,,0.00%,,货币型,
004285,华富天盈货币A,HFTYHBA,2018-02-14,0.9536,4.0090,0.0753,0.3358,1.0405,2.0419,,,,0.5217,3.7448,2017-03-03,1,4.0090,4.3666,4.0033,3.9485,,0.00%,,货币型,
004151,先锋日添利A,XFRTLA,2018-02-14,1.1027,4.2750,0.0803,0.3443,1.0909,2.1926,,,,0.5066,3.4458,2017-04-14,1,4.2750,4.2054,4.1310,4.1074,,0.00%,,货币型,
003997,泓德添利货币A,HDTLHBA,2018-02-14,1.1356,4.3420,0.0816,0.3493,1.1159,2.0472,,,,0.5172,3.0725,2017-05-04,1,4.3420,4.2623,4.2077,4.1749,,0.00%,,货币型,
004449,上银慧增利货币,SYHZLHB,2018-02-21,1.2152,4.4340,0.0870,0.3852,1.1189,2.1775,,,,0.5620,3.4167,2017-04-14,1,4.4340,4.4865,4.5016,4.5071,,0.00%,,货币型,
004515,德邦弘利货币A,DBHLHBA,2018-02-14,0.9564,3.5970,0.0690,0.2880,0.8656,1.6524,,,,0.4393,1.9021,2017-07-12,1,3.5970,3.4691,3.3767,3.4003,,0.00%,,货币型,
004493,华泰保兴货币A,HTBXHBA,2018-02-14,1.1276,4.2790,0.0804,0.3522,1.0286,2.0134,,,,0.5145,3.1433,2017-04-20,1,4.2790,3.9685,4.0631,4.0738,,0.00%,,货币型,
004178,圆信永丰丰润货币A,YXYFFRHBA,2018-02-14,1.0649,4.2580,0.08,0.3328,1.0267,2.0622,,,,0.5213,3.8216,2017-03-10,1,4.2580,4.0138,3.9876,3.9809,,0.00%,,货币型,
675131,西部利得天添益货币A,XBLDTTYHBA,2018-02-14,1.0262,3.7580,0.0708,0.2979,1.0079,1.8489,,,,0.4654,1.91,2017-08-01,1,3.7580,3.6637,3.5574,3.5771,,0.00%,,货币型,
004414,泰达宏利京天宝货币A,TDHLJTBHBA,2018-02-14,1.0091,3.6110,0.0681,0.3126,1.0036,1.9752,,,,0.4699,3.6452,2017-03-10,1,3.6110,3.5782,3.7376,3.76,,0.00%,,货币型,
004185,江信增利货币A,JXZLHBA,2018-02-14,1.0611,3.9160,0.0738,0.3427,1.0228,1.9541,,,,0.5115,2.1274,2017-08-03,1,3.9160,4.0255,4.1267,4.1392,,0.00%,,货币型,
004372,金鹰增益货币A,JYZYHBA,2018-02-14,1.1820,4.2290,0.0794,0.3539,1.0861,2.1554,,,,0.5301,3.8059,2017-03-20,1,4.2290,4.1710,4.2195,4.2779,,0.00%,,货币型,
004399,融通汇财宝货币E,RTHCBHBE,2018-02-14,1.1928,4.4310,0.0832,0.3691,1.0737,2.1390,,,,0.5370,3.9399,2017-03-13,1,4.4310,4.3170,4.3383,4.3356,,0.00%,,货币型,
004120,国富安享货币,GFAXHB,2018-02-16,1.1769,4.4220,0.0817,0.3670,1.0996,2.2044,,,,0.5437,3.0855,2017-05-22,1,4.4220,4.3022,4.4024,4.4124,,0.00%,,货币型,
004985,博时合晶货币,BSHJHB,2018-02-16,1.1777,4.2530,0.0783,0.3509,0.8963,1.5819,,,,0.4862,1.6696,2017-08-02,1,4.2530,4.0848,4.1153,4.1379,,0.00%,,货币型,
005134,长信长金通货币A,CXCJTHBA,2018-02-14,1.1859,4.77,0.0894,0.3766,1.2331,,,,,0.5951,1.7886,2017-09-08,1,4.77,4.5788,4.5120,4.5097,,0.00%,,货币型,
004849,信诚货币E,XCHBE,2018-02-14,0.9813,4.4220,0.0830,0.3455,0.9880,1.9007,,,,0.4941,2.0413,2017-08-01,1,4.4220,4.3027,4.1968,4.0987,,0.00%,,货币型,
004865,格林货币A,GLHBA,2018-02-14,0.7994,4.1610,0.0782,0.3325,0.9884,1.9312,,,,0.4754,2.1609,2017-07-20,1,4.1610,4.0901,3.9848,3.8438,,0.00%,,货币型,
004972,长城收益宝货币A,CCSYBHBA,2018-02-14,1.2644,4.6970,0.0880,0.3980,1.1599,,,,,0.5876,1.8572,2017-09-06,1,4.6970,4.7558,4.7858,4.7831,,0.00%,,货币型,
005150,红土创新优淳货币A,HTCXYCHBA,2018-02-14,1.2379,4.6560,0.0874,0.4015,1.1370,,,,,0.5909,1.7841,2017-09-08,1,4.6560,5.0182,4.8195,4.7702,,0.00%,,货币型,
004983,鹏扬现金通利货币A,PYXJTLHBA,2018-02-14,1.1507,4.4270,0.0831,0.3707,1.0793,1.5236,,,,0.5438,1.5333,2017-08-10,1,4.4270,4.3988,4.4602,4.4472,,0.00%,,货币型,
005056,东方红货币A,DFHHBA,2018-02-14,1.0868,4.0450,0.0761,0.3432,1.0373,,,,,0.5168,1.4162,2017-08-25,1,4.0450,3.9453,4.1075,4.1337,,0.00%,,货币型,
004967,红土创新货币A,HTCXHBA,2018-02-14,1.0660,4.4990,0.0845,0.3763,1.0696,2.0363,,,,0.5338,2.1065,2017-08-03,1,4.4990,4.6371,4.5279,4.4574,,0.00%,,货币型,
004896,鹏华兴鑫宝货币,PHXXBHB,2018-02-14,1.1850,4.2660,0.0802,0.3629,1.1143,2.2381,,,,0.5352,2.5988,2017-07-13,1,4.2660,4.3055,4.3527,4.3663,,0.00%,,货币型,
004903,人保货币A,RBHBA,2018-02-14,1.0928,4.3750,0.0821,0.3813,1.0988,1.8755,,,,0.5526,1.8879,2017-08-11,1,4.3750,4.3504,4.6270,4.5239,,0.00%,,货币型,
005016,长江优享货币A,CJYXHBA,2018-02-14,1.1231,4.1420,0.0779,0.3486,1.0607,2.0396,,,,0.5246,2.0452,2017-08-11,1,4.1420,4.1153,4.1764,4.1872,,0.00%,,货币型,
004861,泰康现金管家货币A,TKXJGJHBA,2018-02-14,1.1339,4.1590,0.0782,0.3529,1.0808,,,,,0.5435,1.7479,2017-09-08,1,4.1590,4.2777,4.2363,4.2219,,0.00%,,货币型,
005148,新华活期添利货币E,XHHQTLHBE,2018-02-14,1.1925,4.6430,0.0871,0.3889,1.1442,,,,,0.5646,1.9643,2017-09-07,1,4.6430,4.6783,4.6814,4.6741,,0.00%,,货币型,
004770,海富通添益货币A,HFTTYHBA,2018-02-14,1.1881,4.5390,0.0852,0.3966,1.2450,1.7388,,,,0.6460,1.7658,2017-08-14,1,4.5390,4.6116,4.7052,4.7214,,0.00%,,货币型,
004970,南方天天宝货币A,NFTTBHBA,2018-02-16,0.9318,3.3780,0.0642,0.3061,0.9420,1.8253,,,,0.4624,1.8566,2017-08-09,1,3.3780,3.4636,3.6603,3.6387,,0.00%,,货币型,
